代码,简称,日期,前收盘价(元),开盘价(元),最高价(元),最低价(元),收盘价(元),成交量(股),成交金额(元),涨跌(元),涨跌幅(%),均价(元),换手率(%),A股流通市值(元),B股流通市值(元),总市值(元),A股流通股本(股),B股流通股本(股),总股本(股),市盈率,市净率,市销率,市现率
000166.SZ,申万宏源,2015-1-26,N/A,17.77,21.1,16.37,19.65,1225927830,23755591040,N/A,N/A,19.3776,37.3958,64417557048,N/A,2.91935E+11,3278247178,0,14856744977,85.1699,13.5622,33.7232,8.4056
000166.SZ,申万宏源,2015-1-27,19.65,18.4,18.99,17.69,17.73,687550484,12429620736,-1.92,-9.771,18.0781,20.9731,58123322466,N/A,2.6341E+11,3278247178,0,14856744977,76.848,12.237,30.4281,7.5843
000166.SZ,申万宏源,2015-1-28,17.73,17.6,17.6,16.8,17.17,368204171,6344390140,-0.56,-3.1585,17.2306,11.2317,56287504046,N/A,2.5509E+11,3278247178,0,14856744977,74.4207,11.8505,29.4671,7.3448
000166.SZ,申万宏源,2015-1-29,17.17,16.7,17.98,16.56,17.6,395604727,6838197549,0.43,2.5044,17.2854,12.0676,57697150333,N/A,2.61479E+11,3278247178,0,14856744977,76.2845,12.1473,30.205,7.5287
000166.SZ,申万宏源,2015-1-30,17.6,17.49,17.73,16.8,16.85,268831053,4614103340,-0.75,-4.2614,17.1636,8.2005,55238464949,N/A,2.50336E+11,3278247178,0,14856744977,73.0338,11.6297,28.9179,7.2079
000166.SZ,申万宏源,2015-2-2,16.85,16.18,16.35,15.5,15.61,296803034,4709138257,-1.24,-7.3591,15.8662,9.0537,51173438449,N/A,2.31914E+11,3278247178,0,14856744977,67.6592,10.7738,26.7898,6.6775
000166.SZ,申万宏源,2015-2-3,15.61,15.85,16.08,15.61,15.98,244130649,3874595329,0.37,2.3703,15.871,7.447,52386389904,N/A,2.37411E+11,3278247178,0,14856744977,69.2629,11.0292,27.4248,6.8357
000166.SZ,申万宏源,2015-2-4,15.98,16,16.16,15.51,15.53,252635066,3986040193,-0.45,-2.816,15.7779,7.7064,50911178674,N/A,2.30725E+11,3278247178,0,14856744977,67.3124,10.7186,26.6525,6.6432
000166.SZ,申万宏源,2015-2-5,15.53,15.99,15.99,15.38,15.39,233707168,3657292487,-0.14,-0.9015,15.649,7.129,50452224069,N/A,2.28645E+11,3278247178,0,14856744977,66.7056,10.622,26.4122,6.5833
000166.SZ,申万宏源,2015-2-6,15.39,15.14,15.46,14.86,14.95,196406084,2973104635,-0.44,-2.859,15.1375,5.9912,49009795311,N/A,2.22108E+11,3278247178,0,14856744977,64.7985,10.3183,25.6571,6.3951
000166.SZ,申万宏源,2015-2-9,14.95,14.91,15.77,14.82,15.52,263003773,4062699405,0.57,3.8127,15.4473,8.0227,50878396203,N/A,2.30577E+11,3278247178,0,14856744977,67.2691,10.7117,26.6353,6.639
000166.SZ,申万宏源,2015-2-10,15.52,15.4,15.64,15.12,15.31,187082277,2879595620,-0.21,-1.3531,15.3921,5.7068,50189964295,N/A,2.27457E+11,3278247178,0,14856744977,66.3589,10.5668,26.2749,6.5491
000166.SZ,申万宏源,2015-2-11,15.31,15.4,15.98,15.2,15.9,245122220,3845895397,0.59,3.8537,15.6897,7.4772,52124130130,N/A,2.36222E+11,3278247178,0,14856744977,68.9161,10.974,27.2875,6.8015
000166.SZ,申万宏源,2015-2-12,15.9,15.76,15.94,15.58,15.78,157518604,2482387342,-0.12,-0.7547,15.7593,4.805,51730740469,N/A,2.34439E+11,3278247178,0,14856744977,68.396,10.8912,27.0815,6.7502
000166.SZ,申万宏源,2015-2-13,15.78,15.9,16.07,15.72,15.76,162471571,2580064928,-0.02,-0.1267,15.8801,4.9561,51665175525,N/A,2.34142E+11,3278247178,0,14856744977,68.3093,10.8774,27.0472,6.7416
000166.SZ,申万宏源,2015-2-16,15.76,15.77,15.82,15.56,15.63,126813936,1987430989,-0.13,-0.8249,15.672,3.8683,51239003392,N/A,2.32211E+11,3278247178,0,14856744977,67.7458,10.7876,26.8241,6.686
000166.SZ,申万宏源,2015-2-17,15.63,15.65,15.94,15.65,15.79,121216445,1918480499,0.16,1.0237,15.8269,3.6976,51763522941,N/A,2.34588E+11,3278247178,0,14856744977,68.4393,10.8981,27.0987,6.7545
000166.SZ,申万宏源,2015-2-25,15.79,15.85,15.85,15.45,15.49,100306161,1561035958,-0.3,-1.8999,15.5627,3.0597,50780048787,N/A,2.30131E+11,3278247178,0,14856744977,67.139,10.691,26.5838,6.6261
000166.SZ,申万宏源,2015-2-26,15.49,15.43,16.1,15.19,15.93,212915107,3345515256,0.44,2.8405,15.7129,6.4948,52222477546,N/A,2.36668E+11,3278247178,0,14856744977,69.0462,10.9947,27.339,6.8143
000166.SZ,申万宏源,2015-2-27,15.93,15.83,15.96,15.71,15.76,142434085,2254747508,-0.17,-1.0672,15.8301,4.3448,51665175525,N/A,2.34142E+11,3278247178,0,14856744977,68.3093,10.8774,27.0472,6.7416
000166.SZ,申万宏源,2015-3-2,15.76,16.01,16.27,15.81,15.93,209563382,3357588718,0.17,1.0787,16.0218,6.3925,52222477546,N/A,2.36668E+11,3278247178,0,14856744977,69.0462,10.9947,27.339,6.8143
000166.SZ,申万宏源,2015-3-3,15.93,15.85,15.86,15.42,15.43,177715672,2768033593,-0.5,-3.1387,15.5756,5.4211,50583353957,N/A,2.2924E+11,3278247178,0,14856744977,66.879,10.6496,26.4809,6.6005
000166.SZ,申万宏源,2015-3-4,15.43,15.4,15.7,15.4,15.52,104884499,1629174407,0.09,0.5833,15.533,3.1994,50878396203,N/A,2.30577E+11,3278247178,0,14856744977,67.2691,10.7117,26.6353,6.639
000166.SZ,申万宏源,2015-3-5,15.52,15.42,15.67,15.35,15.45,119927983,1856576168,-0.07,-0.451,15.4808,3.6583,50648918900,N/A,2.29537E+11,3278247178,0,14856744977,66.9657,10.6634,26.5152,6.609
000166.SZ,申万宏源,2015-3-6,15.45,15.49,15.63,15.39,15.4,97587017,1512189539,-0.05,-0.3236,15.4958,2.9768,50485006541,N/A,2.28794E+11,3278247178,0,14856744977,66.7489,10.6289,26.4294,6.5876
000166.SZ,申万宏源,2015-3-9,15.4,15.03,15.34,14.88,15.28,134023796,2017582293,-0.12,-0.7792,15.0539,4.0883,50091616880,N/A,2.27011E+11,3278247178,0,14856744977,66.2288,10.5461,26.2234,6.5363
000166.SZ,申万宏源,2015-3-10,15.28,15.23,15.6,15.11,15.38,123955506,1899032660,0.1,0.6545,15.3203,3.7812,50419441598,N/A,2.28497E+11,3278247178,0,14856744977,66.6623,10.6151,26.3951,6.5791
000166.SZ,申万宏源,2015-3-11,15.38,15.38,15.58,15.12,15.19,121578229,1865269871,-0.19,-1.2354,15.3421,3.7086,49796574634,N/A,2.25674E+11,3278247178,0,14856744977,65.8387,10.484,26.069,6.4978
000166.SZ,申万宏源,2015-3-12,15.19,15.25,15.53,15.11,15.33,128255692,1965937255,0.14,0.9217,15.3283,3.9123,50255529239,N/A,2.27754E+11,3278247178,0,14856744977,66.4455,10.5806,26.3093,6.5577
000166.SZ,申万宏源,2015-3-13,15.33,15.4,15.59,15.26,15.35,116482679,1796282763,0.02,0.1305,15.421,3.5532,50321094182,N/A,2.28051E+11,3278247178,0,14856744977,66.5322,10.5944,26.3436,6.5662
000166.SZ,申万宏源,2015-3-16,15.35,15.39,15.67,15.26,15.66,203043114,3153751158,0.31,2.0195,15.5324,6.1936,51337350807,N/A,2.32657E+11,3278247178,0,14856744977,67.8759,10.8084,26.8756,6.6988
000166.SZ,申万宏源,2015-3-17,15.66,15.78,17.1,15.7,16.78,458779061,7489495406,1.12,7.152,16.3248,13.9946,55008987647,N/A,2.49296E+11,3278247178,0,14856744977,72.7303,11.5814,28.7977,7.1779
000166.SZ,申万宏源,2015-3-18,16.78,16.8,17.6,16.6,17.29,398776502,6849320838,0.51,3.0393,17.1758,12.1643,56680893708,N/A,2.56873E+11,3278247178,0,14856744977,74.9409,11.9334,29.673,7.3961
000166.SZ,申万宏源,2015-3-19,17.29,17.31,17.46,16.91,17.18,256462068,4397697633,-0.11,-0.6362,17.1476,7.8231,56320286518,N/A,2.55239E+11,3278247178,0,14856744977,74.4641,11.8574,29.4842,7.3491
000166.SZ,申万宏源,2015-3-20,17.18,17.22,18.57,16.88,17.95,442537683,7853674401,0.77,4.482,17.7469,13.4992,58844536845,N/A,2.66679E+11,3278247178,0,14856744977,77.8015,12.3889,30.8057,7.6784
000166.SZ,申万宏源,2015-3-23,17.95,17.8,18.18,17.57,17.9,292739943,5226910267,-0.05,-0.2786,17.8551,8.9298,58680624486,N/A,2.65936E+11,3278247178,0,14856744977,77.5848,12.3544,30.7199,7.657
000166.SZ,申万宏源,2015-3-24,17.9,17.85,17.86,17,17.3,270826718,4715207880,-0.6,-3.352,17.4104,8.2613,56713676179,N/A,2.57022E+11,3278247178,0,14856744977,74.9842,11.9403,29.6902,7.4004
000166.SZ,申万宏源,2015-3-25,17.3,17.28,17.66,17.06,17.12,203497114,3514445836,-0.18,-1.0405,17.2702,6.2075,56123591687,N/A,2.54347E+11,3278247178,0,14856744977,74.204,11.816,29.3812,7.3234
000166.SZ,申万宏源,2015-3-26,17.12,17,17.42,16.83,17.21,185459271,3178770135,0.09,0.5257,17.14,5.6573,56418633933,N/A,2.55685E+11,3278247178,0,14856744977,74.5941,11.8781,29.5357,7.3619
000166.SZ,申万宏源,2015-3-27,17.21,17.21,17.36,17.1,17.22,125250648,2159041112,0.01,0.0581,17.2378,3.8207,56451416405,N/A,2.55833E+11,3278247178,0,14856744977,74.6375,11.885,29.5529,7.3662
000166.SZ,申万宏源,2015-3-30,17.22,17.25,17.59,17.18,17.43,191608983,3334112996,0.21,1.2195,17.4006,5.8449,57139848313,N/A,2.58953E+11,3278247178,0,14856744977,75.5477,12.03,29.9133,7.456
000166.SZ,申万宏源,2015-3-31,17.43,17.6,18.25,17.2,17.26,274723683,4870208873,-0.17,-0.9753,17.7277,8.3802,56582546292,N/A,2.56427E+11,3278247178,0,14856744977,74.8108,11.9127,29.6215,7.3833
000166.SZ,申万宏源,2015-4-1,17.26,17.32,17.67,17.17,17.48,194816251,3390374957,0.22,1.2746,17.4029,5.9427,57303760671,N/A,2.59696E+11,3278247178,0,14856744977,75.7644,12.0645,29.9991,7.4774
000166.SZ,申万宏源,2015-4-2,17.48,17.57,17.68,17.18,17.37,177613667,3084623655,-0.11,-0.6293,17.367,5.4179,56943153482,N/A,2.58062E+11,3278247178,0,14856744977,75.2876,11.9886,29.8103,7.4303
000166.SZ,申万宏源,2015-4-3,17.37,17.21,17.88,17.19,17.7,249207399,4386372207,0.33,1.8998,17.6013,7.6018,58024975051,N/A,2.62964E+11,3278247178,0,14856744977,76.7179,12.2163,30.3766,7.5715
000166.SZ,申万宏源,2015-4-7,17.7,17.9,17.97,17.61,17.93,262024620,4670383861,0.23,1.2994,17.8242,7.9928,58778971902,N/A,2.66381E+11,3278247178,0,14856744977,77.7148,12.3751,30.7714,7.6699
000166.SZ,申万宏源,2015-4-8,17.93,18.01,19.63,17.82,19.18,508489661,9522503936,1.25,6.9716,18.727,15.511,62876780874,N/A,2.84952E+11,3278247178,0,14856744977,83.1328,13.2378,32.9166,8.2046
000166.SZ,申万宏源,2015-4-9,19.18,19.32,20.59,19.01,19.08,514467075,10136816361,-0.1,-0.5214,19.7035,15.6934,62548956156,N/A,2.83467E+11,3278247178,0,14856744977,82.6993,13.1688,32.745,8.1618
000166.SZ,申万宏源,2015-4-10,19.08,18.9,19.21,18.62,19.1,240651399,4556914050,0.02,0.1048,18.9357,7.3409,62614521100,N/A,2.83764E+11,3278247178,0,14856744977,82.786,13.1826,32.7793,8.1704
000166.SZ,申万宏源,2015-4-13,19.1,19.2,19.46,18.82,19.15,229106226,4369214196,0.05,0.2618,19.0707,6.9887,62778433459,N/A,2.84507E+11,3278247178,0,14856744977,83.0028,13.2171,32.8651,8.1918
000166.SZ,申万宏源,2015-4-14,19.15,19.1,19.44,18.54,19.18,232268237,4395884451,0.03,0.1567,18.9259,7.0851,62876780874,N/A,2.84952E+11,3278247178,0,14856744977,83.1328,13.2378,32.9166,8.2046
000166.SZ,申万宏源,2015-4-15,19.18,19.15,19.15,18.46,18.47,158532693,2986230929,-0.71,-3.7018,18.8367,4.8359,60549225378,N/A,2.74404E+11,3278247178,0,14856744977,80.0554,12.7478,31.6981,7.9009
000166.SZ,申万宏源,2015-4-16,18.47,18.25,18.81,18.03,18.55,152452230,2808183551,0.08,0.4331,18.4201,4.6504,60811485152,N/A,2.75593E+11,3278247178,0,14856744977,80.4021,12.803,31.8354,7.9351
000166.SZ,申万宏源,2015-4-17,18.55,18.77,19.17,18.56,18.69,199881953,3763872776,0.14,0.7547,18.8305,6.0972,61270439757,N/A,2.77673E+11,3278247178,0,14856744977,81.009,12.8996,32.0757,7.995
000166.SZ,申万宏源,2015-4-20,18.69,18.7,18.75,18.08,18.08,208200312,3825452164,-0.61,-3.2638,18.3739,6.351,59270708978,N/A,2.6861E+11,3278247178,0,14856744977,78.365,12.4786,31.0288,7.734
000166.SZ,申万宏源,2015-4-21,18.08,17.82,19,17.82,18.74,206983582,3845619011,0.66,3.6504,18.5793,6.3138,61434352116,N/A,2.78415E+11,3278247178,0,14856744977,81.2257,12.9341,32.1615,8.0164
000166.SZ,申万宏源,2015-4-22,18.74,18.81,19.97,18.68,19.58,303277553,5802979745,0.84,4.4824,19.1342,9.2512,64188079745,N/A,2.90895E+11,3278247178,0,14856744977,84.8665,13.5139,33.6031,8.3757
000166.SZ,申万宏源,2015-4-23,19.58,19.65,19.73,18.96,19.02,276624878,5339266321,-0.56,-2.8601,19.3015,8.4382,62352261326,N/A,2.82575E+11,3278247178,0,14856744977,82.4393,13.1274,32.642,8.1361
000166.SZ,申万宏源,2015-4-24,19.02,18.7,18.8,18.18,18.39,191115087,3537468376,-0.63,-3.3123,18.5096,5.8298,60286965603,N/A,2.73216E+11,3278247178,0,14856744977,79.7086,12.6926,31.5608,7.8667
000166.SZ,申万宏源,2015-4-27,18.39,18.49,18.8,18.32,18.55,148517570,2755165611,0.16,0.87,18.5511,4.5304,60811485152,N/A,2.75593E+11,3278247178,0,14856744977,80.4021,12.803,31.8354,7.9351
000166.SZ,申万宏源,2015-4-28,18.55,18.56,18.79,18.3,18.44,169359141,3140715512,-0.11,-0.593,18.5447,5.1661,60450877962,N/A,2.73958E+11,3278247178,0,14856744977,79.9254,12.7271,31.6466,7.888
000166.SZ,申万宏源,2015-4-29,18.44,18.55,18.6,18.19,18.46,111617457,2056653079,0.02,0.1085,18.4259,3.4048,60516442906,N/A,2.74256E+11,3278247178,0,14856744977,80.0121,12.7409,31.6809,7.8966
000166.SZ,申万宏源,2015-4-30,18.46,18.56,18.58,18.15,18.18,129825800,2385338403,-0.28,-1.5168,18.3734,3.9602,59598533696,N/A,2.70096E+11,3278247178,0,14856744977,78.7984,12.5476,31.2004,7.7768
000166.SZ,申万宏源,2015-5-4,18.18,18.17,18.36,17.94,18.08,104698431,1892924986,-0.1,-0.5501,18.0798,3.1937,59270708978,N/A,2.6861E+11,3278247178,0,14856744977,78.365,12.4786,31.0288,7.734
000166.SZ,申万宏源,2015-5-5,18.08,18.06,18.47,17.48,17.55,146985459,2648737983,-0.53,-2.9314,18.0204,4.4837,57533237974,N/A,2.60736E+11,3278247178,0,14856744977,76.0678,12.1128,30.1192,7.5073
000166.SZ,申万宏源,2015-5-6,17.55,17.7,18.08,17.12,17.3,139561878,2460915828,-0.25,-1.4245,17.6332,4.2572,56713676179,N/A,2.57022E+11,3278247178,0,14856744977,74.9842,11.9403,29.6902,7.4004
000166.SZ,申万宏源,2015-5-7,17.3,17.15,17.7,17.15,17.37,107544849,1872067957,0.07,0.4046,17.4073,3.2806,56943153482,N/A,2.58062E+11,3278247178,0,14856744977,75.2876,11.9886,29.8103,7.4303
000166.SZ,申万宏源,2015-5-8,17.37,17.68,17.8,17.18,17.52,107991149,1884735022,0.15,0.8636,17.4527,3.2942,57434890559,N/A,2.6029E+11,3278247178,0,14856744977,75.9378,12.0921,30.0677,7.4945
000166.SZ,申万宏源,2015-5-11,17.52,17.77,17.89,17.55,17.88,142715719,2531160965,0.36,2.0548,17.7357,4.3534,58615059543,N/A,2.65639E+11,3278247178,0,14856744977,77.4981,12.3406,30.6856,7.6485
000166.SZ,申万宏源,2015-5-12,17.88,17.89,18.47,17.63,18.14,187897347,3403016405,0.26,1.4541,18.111,5.7316,59467403809,N/A,2.69501E+11,3278247178,0,14856744977,78.6251,12.52,31.1318,7.7597
000166.SZ,申万宏源,2015-5-13,18.14,18.15,18.15,17.67,17.72,132521773,2362872129,-0.42,-2.3153,17.8301,4.0425,58090539994,N/A,2.63262E+11,3278247178,0,14856744977,76.8046,12.2301,30.411,7.58
000166.SZ,申万宏源,2015-5-14,17.72,17.75,17.93,17.51,17.63,97439694,1722680631,-0.09,-0.5079,17.6795,2.9723,57795497748,N/A,2.61924E+11,3278247178,0,14856744977,76.4145,12.168,30.2565,7.5415
000166.SZ,申万宏源,2015-5-15,17.63,17.59,18.2,17.22,17.77,185385160,3280032676,0.14,0.7941,17.6931,5.655,58254452353,N/A,2.64004E+11,3278247178,0,14856744977,77.0214,12.2646,30.4968,7.6014
000166.SZ,申万宏源,2015-5-18,17.77,17.48,17.77,17.33,17.41,109260247,1914893135,-0.36,-2.0259,17.526,3.3329,57074283369,N/A,2.58656E+11,3278247178,0,14856744977,75.461,12.0162,29.8789,7.4474
000166.SZ,申万宏源,2015-5-19,17.41,17.39,18.88,17.36,18.32,330108715,6006494287,0.91,5.2269,18.1955,10.0697,60057488301,N/A,2.72176E+11,3278247178,0,14856744977,79.4052,12.6443,31.4407,7.8367
000166.SZ,申万宏源,2015-5-20,18.32,18.19,18.27,17.85,17.95,220940768,3980654206,-0.37,-2.0197,18.0168,6.7396,58844536845,N/A,2.66679E+11,3278247178,0,14856744977,77.8015,12.3889,30.8057,7.6784
000166.SZ,申万宏源,2015-5-21,17.95,17.95,18.1,17.73,17.95,139876320,2504937611,0,0,17.9082,4.2668,58844536845,N/A,2.66679E+11,3278247178,0,14856744977,77.8015,12.3889,30.8057,7.6784
000166.SZ,申万宏源,2015-5-22,17.95,18.12,18.77,18.03,18.44,257546168,4746692408,0.49,2.7298,18.4305,7.8562,60450877962,N/A,2.73958E+11,3278247178,0,14856744977,79.9254,12.7271,31.6466,7.888
000166.SZ,申万宏源,2015-5-25,18.44,18.47,19.18,18.47,18.81,290906755,5479255773,0.37,2.0065,18.8351,8.8739,61663829418,N/A,2.79455E+11,3278247178,0,14856744977,81.5291,12.9824,32.2816,8.0463
000166.SZ,申万宏源,2015-5-26,18.81,18.86,19.24,18.48,19.01,314703780,5918033701,0.2,1.0633,18.8051,9.5998,62319478854,N/A,2.82427E+11,3278247178,0,14856744977,82.3959,13.1205,32.6249,8.1319
000166.SZ,申万宏源,2015-5-27,19.01,19.03,19.8,18.76,19.59,377641674,7301563822,0.58,3.051,19.3346,11.5196,64220862217,N/A,2.91044E+11,3278247178,0,14856744977,84.9099,13.5208,33.6202,8.38
000166.SZ,申万宏源,2015-5-28,19.59,19.65,20.58,18.29,18.51,478938464,9495664545,-1.08,-5.513,19.8265,14.6096,60680355265,N/A,2.74998E+11,3278247178,0,14856744977,80.2288,12.7754,31.7668,7.918
000166.SZ,申万宏源,2015-5-29,18.51,18.62,19.18,18.01,18.7,318495936,5969560525,0.19,1.0265,18.743,9.7154,61303222229,N/A,2.77821E+11,3278247178,0,14856744977,81.0523,12.9065,32.0928,7.9993
000166.SZ,申万宏源,2015-6-1,18.7,18.7,19.91,18.2,19.52,328819704,6283590848,0.82,4.385,19.1095,10.0304,63991384915,N/A,2.90004E+11,3278247178,0,14856744977,84.6065,13.4725,33.5001,8.35
000166.SZ,申万宏源,2015-6-2,19.52,19.5,19.98,19.21,19.9,298035714,5846981229,0.38,1.9467,19.6184,9.0913,65237118842,N/A,2.95649E+11,3278247178,0,14856744977,86.2535,13.7348,34.1523,8.5126
000166.SZ,申万宏源,2015-6-3,19.9,20.1,20.1,19.16,19.28,260994068,5126656194,-0.62,-3.1156,19.6428,7.9614,63204605592,N/A,2.86438E+11,3278247178,0,14856744977,83.5662,13.3068,33.0882,8.2474
000166.SZ,申万宏源,2015-6-4,19.28,19.35,19.76,18.29,19.34,270095042,5148018510,0.06,0.3112,19.06,8.239,63401300423,N/A,2.87329E+11,3278247178,0,14856744977,83.8263,13.3482,33.1912,8.273
000166.SZ,申万宏源,2015-6-5,19.34,19.65,19.75,18.76,19.15,275835478,5320601307,-0.19,-0.9824,19.289,8.4141,62778433459,N/A,2.84507E+11,3278247178,0,14856744977,83.0028,13.2171,32.8651,8.1918
000166.SZ,申万宏源,2015-6-8,19.15,19.15,19.15,19.15,19.15,N/A,N/A,0,0,N/A,N/A,62778433459,N/A,2.84507E+11,3278247178,0,14856744977,83.0028,13.2171,32.8651,8.1918
000166.SZ,申万宏源,2015-6-9,19.15,19.15,19.15,19.15,19.15,N/A,N/A,0,0,N/A,N/A,62778433459,N/A,2.84507E+11,3278247178,0,14856744977,83.0028,13.2171,32.8651,8.1918
000166.SZ,申万宏源,2015-6-10,19.15,19.15,19.15,19.15,19.15,N/A,N/A,0,0,N/A,N/A,62778433459,N/A,2.84507E+11,3278247178,0,14856744977,83.0028,13.2171,32.8651,8.1918
000166.SZ,申万宏源,2015-6-11,19.15,19.15,19.15,19.15,19.15,N/A,N/A,0,0,N/A,N/A,62778433459,N/A,2.84507E+11,3278247178,0,14856744977,83.0028,13.2171,32.8651,8.1918
000166.SZ,申万宏源,2015-6-12,19.15,19.15,19.15,19.15,19.15,N/A,N/A,0,0,N/A,N/A,62778433459,N/A,2.84507E+11,3278247178,0,14856744977,83.0028,13.2171,32.8651,8.1918
000166.SZ,申万宏源,2015-6-15,19.15,19.54,20.27,18.9,18.98,294249804,5758773255,-0.17,-0.8877,19.571,8.9758,62221131438,N/A,2.81981E+11,3278247178,0,14856744977,82.2659,13.0998,32.5734,8.119
000166.SZ,申万宏源,2015-6-16,18.98,18.7,19.19,18.17,18.34,187178702,3496611121,-0.64,-3.372,18.6806,5.7097,60123053245,N/A,2.72473E+11,3278247178,0,14856744977,79.4919,12.6581,31.475,7.8453
000166.SZ,申万宏源,2015-6-17,18.34,18.56,18.65,17.81,18.42,165100319,3003491412,0.08,0.4362,18.1919,5.0362,60385313019,N/A,2.73661E+11,3278247178,0,14856744977,79.8387,12.7133,31.6123,7.8795
000166.SZ,申万宏源,2015-6-18,18.42,18.23,18.4,17.55,17.59,137306775,2471302735,-0.83,-4.506,17.9984,4.1884,57664367861,N/A,2.6133E+11,3278247178,0,14856744977,76.2412,12.1404,30.1879,7.5244
000166.SZ,申万宏源,2015-6-19,17.59,17.49,18.1,17.15,17.21,158448496,2801797238,-0.38,-2.1603,17.6827,4.8333,56418633933,N/A,2.55685E+11,3278247178,0,14856744977,74.5941,11.8781,29.5357,7.3619
000166.SZ,申万宏源,2015-6-23,17.21,17.38,17.87,16.85,17.83,144747807,2533838221,0.62,3.6026,17.5052,4.4154,58451147184,N/A,2.64896E+11,3278247178,0,14856744977,77.2814,12.3061,30.5997,7.6271
000166.SZ,申万宏源,2015-6-24,17.83,17.94,18,17.56,17.97,141286420,2517614200,0.14,0.7852,17.8192,4.3098,58910101789,N/A,2.66976E+11,3278247178,0,14856744977,77.8882,12.4027,30.84,7.687
000166.SZ,申万宏源,2015-6-25,17.97,18,18.2,17.3,17.47,142636295,2548204758,-0.5,-2.7824,17.8651,4.351,57270978200,N/A,2.59547E+11,3278247178,0,14856744977,75.721,12.0576,29.9819,7.4731
000166.SZ,申万宏源,2015-6-26,17.47,17.25,17.95,15.72,16.14,214696612,3631410563,-1.33,-7.6131,16.9141,6.5491,52910909453,N/A,2.39788E+11,3278247178,0,14856744977,69.9564,11.1396,27.6994,6.9042
000166.SZ,申万宏源,2015-6-29,16.14,16.75,16.75,14.58,15.1,209837916,3300885176,-1.04,-6.4436,15.7306,6.4009,49501532388,N/A,2.24337E+11,3278247178,0,14856744977,65.4486,10.4218,25.9145,6.4593
000166.SZ,申万宏源,2015-6-30,15.1,15.11,16.29,14.26,16.25,216229253,3352259469,1.15,7.6159,15.5033,6.5959,53271516643,N/A,2.41422E+11,3278247178,0,14856744977,70.4331,11.2156,27.8882,6.9512
000166.SZ,申万宏源,2015-7-1,16.25,15.99,16.39,15,15.09,165938514,2638195986,-1.16,-7.1385,15.8986,5.0618,49468749916,N/A,2.24188E+11,3278247178,0,14856744977,65.4053,10.4149,25.8974,6.455
000166.SZ,申万宏源,2015-7-2,15.09,15.66,15.7,14.02,14.72,172113537,2595188191,-0.37,-2.452,15.0784,5.2502,48255798460,N/A,2.18691E+11,3278247178,0,14856744977,63.8016,10.1596,25.2624,6.2967
000166.SZ,申万宏源,2015-7-3,14.72,14.9,14.95,13.38,13.63,164902631,2342440249,-1.09,-7.4049,14.205,5.0302,44682509036,N/A,2.02497E+11,3278247178,0,14856744977,59.0772,9.4073,23.3917,5.8305
000166.SZ,申万宏源,2015-7-6,13.63,14.99,14.99,13.56,14.4,221675751,3172331242,0.77,5.6493,14.3107,6.762,47206759363,N/A,2.13937E+11,3278247178,0,14856744977,62.4146,9.9387,24.7132,6.1599
000166.SZ,申万宏源,2015-7-7,14.4,14,14.4,12.96,14.4,297637276,4083884865,0,0,13.721,9.0792,47206759363,N/A,2.13937E+11,3278247178,0,14856744977,62.4146,9.9387,24.7132,6.1599
000166.SZ,申万宏源,2015-7-8,14.4,13.08,13.48,12.96,12.96,373381925,4945596277,-1.44,-10,13.2454,11.3897,42486083427,N/A,1.92543E+11,3278247178,0,14856744977,56.1731,8.9448,22.2419,5.5439
000166.SZ,申万宏源,2015-7-9,12.96,12.96,14.26,12.11,14.26,223341380,3044075404,1.3,10.0309,13.6297,6.8128,46747804758,N/A,2.11857E+11,3278247178,0,14856744977,61.8078,9.8421,24.4729,6.1
000166.SZ,申万宏源,2015-7-10,14.26,14.35,15.69,14.01,15.68,292615915,4490900775,1.42,9.9579,15.3474,8.926,51402915751,N/A,2.32954E+11,3278247178,0,14856744977,67.9626,10.8222,26.9099,6.7074
000166.SZ,申万宏源,2015-7-13,15.68,15.37,16.56,15.18,15.83,293837469,4639629526,0.15,0.9566,15.7898,8.9632,51894652828,N/A,2.35182E+11,3278247178,0,14856744977,68.6127,10.9257,27.1674,6.7716
000166.SZ,申万宏源,2015-7-14,15.83,15.37,15.56,14.7,14.82,198031465,3003668731,-1.01,-6.3803,15.1676,6.0408,48583623178,N/A,2.20177E+11,3278247178,0,14856744977,64.235,10.2286,25.434,6.3395
000166.SZ,申万宏源,2015-7-15,14.82,14.54,14.95,13.46,13.49,138807831,1962543465,-1.33,-8.9744,14.1386,4.2342,44223554431,N/A,2.00417E+11,3278247178,0,14856744977,58.4703,9.3106,23.1515,5.7706
000166.SZ,申万宏源,2015-7-16,13.49,13.49,14.05,13.21,13.67,109804493,1501675242,0.18,1.3343,13.6759,3.3495,44813638923,N/A,2.03092E+11,3278247178,0,14856744977,59.2505,9.4349,23.4604,5.8476
000166.SZ,申万宏源,2015-7-17,13.67,13.75,14.49,13.67,14.26,118557807,1667446132,0.59,4.316,14.0644,3.6165,46747804758,N/A,2.11857E+11,3278247178,0,14856744977,61.8078,9.8421,24.4729,6.1
000166.SZ,申万宏源,2015-7-20,14.26,14.25,14.46,13.98,14.12,110081853,1560319315,-0.14,-0.9818,14.1742,3.3579,46288850153,N/A,2.09777E+11,3278247178,0,14856744977,61.201,9.7455,24.2327,6.0401
000166.SZ,申万宏源,2015-7-21,14.12,13.95,14.47,13.8,14.22,120176688,1704563984,0.1,0.7082,14.1838,3.6659,46616674871,N/A,2.11263E+11,3278247178,0,14856744977,61.6344,9.8145,24.4043,6.0829
000166.SZ,申万宏源,2015-7-22,14.22,14.2,14.34,13.89,14.02,87229061,1229452763,-0.2,-1.4065,14.0945,2.6608,45961025436,N/A,2.08292E+11,3278247178,0,14856744977,60.7675,9.6764,24.061,5.9973
000166.SZ,申万宏源,2015-7-23,14.02,14.09,14.4,14.03,14.37,117510950,1680513627,0.35,2.4964,14.3009,3.5846,47108411948,N/A,2.13491E+11,3278247178,0,14856744977,62.2846,9.918,24.6617,6.147
000166.SZ,申万宏源,2015-7-24,14.37,14.38,14.44,13.88,13.99,118292454,1687503960,-0.38,-2.6444,14.2655,3.6084,45862678020,N/A,2.07846E+11,3278247178,0,14856744977,60.6375,9.6557,24.0096,5.9845
000166.SZ,申万宏源,2015-7-27,13.99,13.75,13.88,12.59,12.59,132297856,1757232529,-1.4,-10.0071,13.2824,4.0356,41273131971,N/A,1.87046E+11,3278247178,0,14856744977,54.5694,8.6895,21.6069,5.3856
000166.SZ,申万宏源,2015-7-28,12.59,12.33,13.85,11.67,13.42,238769580,3097563361,0.83,6.5925,12.973,7.2835,43994077129,N/A,1.99378E+11,3278247178,0,14856744977,58.1669,9.2623,23.0313,5.7406
000166.SZ,申万宏源,2015-7-29,13.42,13.35,14,13.01,13.6,100718258,1344308661,0.18,1.3413,13.3472,3.0723,44584161621,N/A,2.02052E+11,3278247178,0,14856744977,58.9471,9.3866,23.3402,5.8176
000166.SZ,申万宏源,2015-7-30,13.6,13.5,13.73,13.07,13.07,71188410,958525352,-0.53,-3.8971,13.4646,2.1715,42846690616,N/A,1.94178E+11,3278247178,0,14856744977,56.6499,9.0208,22.4307,5.5909
000166.SZ,申万宏源,2015-7-31,13.07,12.95,13.29,12.81,13.26,68572809,899511335.2,0.19,1.4537,13.1176,2.0918,43469557580,N/A,1.97E+11,3278247178,0,14856744977,57.4734,9.1519,22.7567,5.6722
000166.SZ,申万宏源,2015-8-3,13.26,13.06,13.58,12.98,13.58,81237219,1079959796,0.32,2.4133,13.2939,2.4781,44518596677,N/A,2.01755E+11,3278247178,0,14856744977,58.8604,9.3728,23.3059,5.8091
000166.SZ,申万宏源,2015-8-4,13.58,13.51,13.85,13.31,13.79,87340767,1190544705,0.21,1.5464,13.631,2.6643,45207028585,N/A,2.04875E+11,3278247178,0,14856744977,59.7706,9.5177,23.6663,5.8989
000166.SZ,申万宏源,2015-8-5,13.79,13.77,13.77,13.3,13.33,56234927,762008955,-0.46,-3.3358,13.5505,1.7154,43699034883,N/A,1.9804E+11,3278247178,0,14856744977,57.7769,9.2002,22.8769,5.7021
000166.SZ,申万宏源,2015-8-6,13.33,13.09,13.33,13,13.04,42775137,562194275.2,-0.29,-2.1755,13.143,1.3048,42748343201,N/A,1.93732E+11,3278247178,0,14856744977,56.5199,9.0001,22.3792,5.5781
000166.SZ,申万宏源,2015-8-7,13.04,13.16,13.44,13.11,13.21,47964735,635157223.7,0.17,1.3037,13.2422,1.4631,43305645221,N/A,1.96258E+11,3278247178,0,14856744977,57.2567,9.1174,22.6709,5.6508
000166.SZ,申万宏源,2015-8-10,13.21,13.3,14.2,13.18,13.9,126098765,1725245864,0.69,5.2233,13.6817,3.8465,45567635774,N/A,2.06509E+11,3278247178,0,14856744977,60.2474,9.5936,23.8551,5.946
000166.SZ,申万宏源,2015-8-11,13.9,13.78,13.91,13.65,13.69,83495883,1148993831,-0.21,-1.5108,13.7611,2.547,44879203867,N/A,2.03389E+11,3278247178,0,14856744977,59.3372,9.4487,23.4947,5.8561
000166.SZ,申万宏源,2015-8-12,13.69,13.55,13.97,13.51,13.6,72134837,990337088.8,-0.09,-0.6574,13.729,2.2004,44584161621,N/A,2.02052E+11,3278247178,0,14856744977,58.9471,9.3866,23.3402,5.8176
000166.SZ,申万宏源,2015-8-13,13.6,13.48,13.72,13.31,13.64,63811993,864029850.5,0.04,0.2941,13.5402,1.9465,44715291508,N/A,2.02646E+11,3278247178,0,14856744977,59.1205,9.4142,23.4089,5.8348
000166.SZ,申万宏源,2015-8-14,13.64,13.79,13.94,13.61,13.78,89429329,1229560184,0.14,1.0264,13.749,2.728,45174246113,N/A,2.04726E+11,3278247178,0,14856744977,59.7273,9.5108,23.6492,5.8946
000166.SZ,申万宏源,2015-8-17,13.78,13.76,13.77,13.45,13.63,56280680,765361815.8,-0.15,-1.0885,13.599,1.7168,44682509036,N/A,2.02497E+11,3278247178,0,14856744977,59.0772,9.4073,23.3917,5.8305
000166.SZ,申万宏源,2015-8-18,13.63,13.71,14.18,12.58,12.79,134681867,1844099757,-0.84,-6.1629,13.6923,4.1083,41928781407,N/A,1.90018E+11,3278247178,0,14856744977,55.4363,8.8275,21.9501,5.4712
000166.SZ,申万宏源,2015-8-19,12.79,12.56,12.94,12.12,12.89,79750268,1007940025,0.1,0.7819,12.6387,2.4327,42256606124,N/A,1.91503E+11,3278247178,0,14856744977,55.8697,8.8965,22.1217,5.5139
000166.SZ,申万宏源,2015-8-20,12.89,13.05,13.39,12.75,12.88,90906233,1194763576,-0.01,-0.0776,13.1428,2.773,42223823653,N/A,1.91355E+11,3278247178,0,14856744977,55.8264,8.8896,22.1046,5.5097
000166.SZ,申万宏源,2015-8-21,12.88,12.6,12.93,12.01,12.07,68150232,848219179.4,-0.81,-6.2888,12.4463,2.0789,39568443438,N/A,1.79321E+11,3278247178,0,14856744977,52.3156,8.3306,20.7145,5.1632
000166.SZ,申万宏源,2015-8-24,12.07,11.7,11.86,10.86,10.86,78129262,865810629.9,-1.21,-10.0249,11.0818,2.3833,35601764353,N/A,1.61344E+11,3278247178,0,14856744977,47.071,7.4954,18.6379,4.6456
000166.SZ,申万宏源,2015-8-25,10.86,9.8,10.15,9.77,9.77,81213153,800611659.9,-1.09,-10.0368,9.8582,2.4773,32028474929,N/A,1.4515E+11,3278247178,0,14856744977,42.3466,6.7431,16.7672,4.1793
000166.SZ,申万宏源,2015-8-26,9.77,9.77,10.23,8.88,9,110540639,1054804401,-0.77,-7.8813,9.5422,3.3719,29504224602,N/A,1.33711E+11,3278247178,0,14856744977,39.0091,6.2117,15.4457,3.8499
000166.SZ,申万宏源,2015-8-27,9,9.3,9.52,8.8,9.47,98051976,904249991.1,0.47,5.2222,9.2221,2.991,31045000776,N/A,1.40693E+11,3278247178,0,14856744977,41.0463,6.5361,16.2524,4.051
000166.SZ,申万宏源,2015-8-28,9.47,9.6,10.07,9.39,9.96,117266544,1128210822,0.49,5.1742,9.6209,3.5771,32651341893,N/A,1.47973E+11,3278247178,0,14856744977,43.1701,6.8743,17.0933,4.2606
000166.SZ,申万宏源,2015-8-31,9.96,9.8,9.8,9.24,9.39,89339222,848170686.4,-0.57,-5.7229,9.4938,2.7252,30782741001,N/A,1.39505E+11,3278247178,0,14856744977,40.6995,6.4809,16.1151,4.0167
000166.SZ,申万宏源,2015-9-1,9.39,9.38,9.69,8.89,9.38,100498334,936600755.6,-0.01,-0.1065,9.3196,3.0656,30749958530,N/A,1.39356E+11,3278247178,0,14856744977,40.6562,6.474,16.0979,4.0125
000166.SZ,申万宏源,2015-9-2,9.38,9,9.55,8.88,9.02,71319967,654364280.7,-0.36,-3.838,9.1751,2.1756,29569789546,N/A,1.34008E+11,3278247178,0,14856744977,39.0958,6.2255,15.4801,3.8585
000166.SZ,申万宏源,2015-9-7,9.02,9.15,9.38,9.08,9.13,63533229,588037154.1,0.11,1.2195,9.2556,1.938,29930396735,N/A,1.35642E+11,3278247178,0,14856744977,39.5726,6.3014,15.6689,3.9055
000166.SZ,申万宏源,2015-9-8,9.13,9,9.37,8.91,9.35,58647092,537331714.3,0.22,2.4096,9.1621,1.789,30651611114,N/A,1.38911E+11,3278247178,0,14856744977,40.5261,6.4533,16.0464,3.9996
000166.SZ,申万宏源,2015-9-9,9.35,9.4,9.84,9.31,9.73,129846294,1245247464,0.38,4.0642,9.5902,3.9608,31897345042,N/A,1.44556E+11,3278247178,0,14856744977,42.1732,6.7155,16.6986,4.1622
000166.SZ,申万宏源,2015-9-10,9.73,9.55,9.67,9.43,9.45,72897424,696576708.1,-0.28,-2.8777,9.5556,2.2237,30979435832,N/A,1.40396E+11,3278247178,0,14856744977,40.9596,6.5223,16.218,4.0424
000166.SZ,申万宏源,2015-9-11,9.45,9.47,9.65,9.36,9.52,48805645,464398686.1,0.07,0.7407,9.5153,1.4888,31208913135,N/A,1.41436E+11,3278247178,0,14856744977,41.263,6.5706,16.3382,4.0724
000166.SZ,申万宏源,2015-9-14,9.52,9.59,9.59,8.57,8.78,90765490,818764482.1,-0.74,-7.7731,9.0207,2.7687,28783010223,N/A,1.30442E+11,3278247178,0,14856744977,38.0556,6.0599,15.0682,3.7558
000166.SZ,申万宏源,2015-9-15,8.78,8.6,8.79,8.06,8.13,63706430,534961142.2,-0.65,-7.4032,8.3973,1.9433,26652149557,N/A,1.20785E+11,3278247178,0,14856744977,35.2382,5.6112,13.9527,3.4778
000166.SZ,申万宏源,2015-9-16,8.13,8.15,8.93,8.14,8.81,69329376,584817210.8,0.68,8.3641,8.4353,2.1148,28881357638,N/A,1.30888E+11,3278247178,0,14856744977,38.1856,6.0806,15.1197,3.7686
000166.SZ,申万宏源,2015-9-17,8.81,8.76,8.97,8.54,8.55,68425928,600705483.2,-0.26,-2.9512,8.7789,2.0873,28029013372,N/A,1.27025E+11,3278247178,0,14856744977,37.0587,5.9011,14.6735,3.6574
000166.SZ,申万宏源,2015-9-18,8.55,8.63,8.93,8.56,8.82,64204609,562361202,0.27,3.1579,8.7589,1.9585,28914140110,N/A,1.31036E+11,3278247178,0,14856744977,38.2289,6.0875,15.1368,3.7729
000166.SZ,申万宏源,2015-9-21,8.82,8.67,8.96,8.61,8.93,43684587,386724771.3,0.11,1.2472,8.8527,1.3326,29274747300,N/A,1.32671E+11,3278247178,0,14856744977,38.7057,6.1634,15.3256,3.82
000166.SZ,申万宏源,2015-9-22,8.93,8.97,9.53,8.93,9.22,89149079,827401481.1,0.29,3.2475,9.2811,2.7194,30225438981,N/A,1.36979E+11,3278247178,0,14856744977,39.9627,6.3635,15.8233,3.944
000166.SZ,申万宏源,2015-9-23,9.22,9.03,9.16,8.85,8.88,50490745,455337423.7,-0.34,-3.6876,9.0182,1.5402,29110834941,N/A,1.31928E+11,3278247178,0,14856744977,38.489,6.1289,15.2398,3.7986
000166.SZ,申万宏源,2015-9-24,8.88,8.95,9.05,8.8,8.95,35288267,315512297.2,0.07,0.7883,8.941,1.0764,29340312243,N/A,1.32968E+11,3278247178,0,14856744977,38.7924,6.1772,15.3599,3.8285
000166.SZ,申万宏源,2015-9-25,8.95,8.92,8.95,8.5,8.58,41340638,359930076.8,-0.37,-4.1341,8.7064,1.2611,28127360787,N/A,1.27471E+11,3278247178,0,14856744977,37.1887,5.9218,14.7249,3.6702
000166.SZ,申万宏源,2015-9-28,8.58,8.52,8.67,8.46,8.65,26315374,225931780.4,0.07,0.8159,8.5855,0.8027,28356838090,N/A,1.28511E+11,3278247178,0,14856744977,37.4921,5.9701,14.8451,3.7002
000166.SZ,申万宏源,2015-9-29,8.65,8.52,8.78,8.31,8.57,42158568,359146714.5,-0.08,-0.9249,8.5189,1.286,28094578315,N/A,1.27322E+11,3278247178,0,14856744977,37.1454,5.9149,14.7078,3.666
000166.SZ,申万宏源,2015-9-30,8.57,8.55,8.8,8.53,8.58,34222532,296085024.5,0.01,0.1167,8.6518,1.0439,28127360787,N/A,1.27471E+11,3278247178,0,14856744977,37.1887,5.9218,14.7249,3.6702
000166.SZ,申万宏源,2015-10-8,8.58,9,9.09,8.86,8.9,51622094,461131786.2,0.32,3.7296,8.9328,1.5747,29176399884,N/A,1.32225E+11,3278247178,0,14856744977,38.5757,6.1427,15.2741,3.8071
000166.SZ,申万宏源,2015-10-9,8.9,8.9,9.17,8.86,9.08,59223817,534281235.2,0.18,2.0225,9.0214,1.8066,29766484376,N/A,1.34899E+11,3278247178,0,14856744977,39.3559,6.2669,15.583,3.8841
000166.SZ,申万宏源,2015-10-12,9.08,9.1,9.68,9.04,9.5,116341857,1094859401,0.42,4.6256,9.4107,3.5489,31143348191,N/A,1.41139E+11,3278247178,0,14856744977,41.1763,6.5568,16.3038,4.0638
000166.SZ,申万宏源,2015-10-13,9.5,9.28,9.46,9.25,9.41,64122970,601723438.1,-0.09,-0.9474,9.3839,1.956,30848305945,N/A,1.39802E+11,3278247178,0,14856744977,40.7862,6.4947,16.1494,4.0253
000166.SZ,申万宏源,2015-10-14,9.41,9.37,9.56,9.28,9.3,71682805,674560074.1,-0.11,-1.169,9.4103,2.1866,30487698755,N/A,1.38168E+11,3278247178,0,14856744977,40.3094,6.4188,15.9606,3.9782
000166.SZ,申万宏源,2015-10-15,9.3,9.3,9.53,9.26,9.51,74685009,703605983.4,0.21,2.2581,9.421,2.2782,31176130663,N/A,1.41288E+11,3278247178,0,14856744977,41.2196,6.5637,16.321,4.0681
000166.SZ,申万宏源,2015-10-16,9.51,9.59,9.78,9.53,9.68,112116188,1084054532,0.17,1.7876,9.669,3.42,31733432683,N/A,1.43813E+11,3278247178,0,14856744977,41.9565,6.681,16.6128,4.1408
000166.SZ,申万宏源,2015-10-19,9.68,9.7,10.15,9.67,9.85,126282423,1253113072,0.17,1.7562,9.9231,3.8521,32290734703,N/A,1.46339E+11,3278247178,0,14856744977,42.6933,6.7984,16.9045,4.2135
000166.SZ,申万宏源,2015-10-20,9.85,9.88,9.9,9.63,9.88,75672076,740136733.8,0.03,0.3046,9.7808,2.3083,32389082119,N/A,1.46785E+11,3278247178,0,14856744977,42.8234,6.8191,16.956,4.2263
000166.SZ,申万宏源,2015-10-21,9.88,9.87,9.9,9.16,9.19,100523520,964756364.4,-0.69,-6.9838,9.5973,3.0664,30127091566,N/A,1.36533E+11,3278247178,0,14856744977,39.8327,6.3428,15.7718,3.9312
000166.SZ,申万宏源,2015-10-22,9.19,9.16,9.38,9.09,9.37,67485134,624915289.7,0.18,1.9587,9.26,2.0586,30717176058,N/A,1.39208E+11,3278247178,0,14856744977,40.6128,6.4671,16.0807,4.0082
000166.SZ,申万宏源,2015-10-23,9.37,9.42,9.55,9.29,9.53,70937396,668194529.9,0.16,1.7076,9.4195,2.1639,31241695606,N/A,1.41585E+11,3278247178,0,14856744977,41.3063,6.5775,16.3553,4.0766
000166.SZ,申万宏源,2015-10-26,9.53,9.78,9.98,9.6,9.71,99885346,978689279.7,0.18,1.8888,9.7981,3.0469,31831780098,N/A,1.44259E+11,3278247178,0,14856744977,42.0865,6.7017,16.6642,4.1536
000166.SZ,申万宏源,2015-10-27,9.71,9.67,9.67,9.29,9.59,61753112,585879385.5,-0.12,-1.2358,9.4874,1.8837,31438390437,N/A,1.42476E+11,3278247178,0,14856744977,41.5664,6.6189,16.4583,4.1023
000166.SZ,申万宏源,2015-10-28,9.59,9.63,9.85,9.5,9.55,71884407,696455858.3,-0.04,-0.4171,9.6886,2.1928,31307260550,N/A,1.41882E+11,3278247178,0,14856744977,41.393,6.5913,16.3897,4.0852
000166.SZ,申万宏源,2015-10-29,9.55,9.6,9.68,9.48,9.57,43908586,420619922.9,0.02,0.2094,9.5794,1.3394,31372825493,N/A,1.42179E+11,3278247178,0,14856744977,41.4797,6.6051,16.424,4.0937
000166.SZ,申万宏源,2015-10-30,9.57,9.56,9.97,9.4,9.72,96786612,942215464.9,0.15,1.5674,9.735,2.9524,31864562570,N/A,1.44408E+11,3278247178,0,14856744977,42.1299,6.7086,16.6814,4.1579
000166.SZ,申万宏源,2015-11-2,9.72,9.55,9.7,9.41,9.42,62404767,595475152.8,-0.3,-3.0864,9.5421,1.9036,30881088417,N/A,1.39951E+11,3278247178,0,14856744977,40.8296,6.5016,16.1665,4.0296
000166.SZ,申万宏源,2015-11-3,9.42,9.43,9.55,9.34,9.41,46181535,436483547.7,-0.01,-0.1062,9.4515,1.4087,30848305945,N/A,1.39802E+11,3278247178,0,14856744977,40.7862,6.4947,16.1494,4.0253
000166.SZ,申万宏源,2015-11-4,9.41,9.43,10.35,9.42,10.35,217622979,2184960527,0.94,9.9894,10.0401,6.6384,33929858292,N/A,1.53767E+11,3278247178,0,14856744977,44.8605,7.1435,17.7626,4.4274
000166.SZ,申万宏源,2015-11-5,10.35,10.59,11.39,10.4,11.05,390909676,4345833514,0.7,6.7633,11.1172,11.9244,36224631317,N/A,1.64167E+11,3278247178,0,14856744977,47.8945,7.6266,18.9639,4.7268
000166.SZ,申万宏源,2015-11-6,11.05,10.9,12.15,10.7,11.97,351431452,4017115263,0.92,8.3258,11.4307,10.7201,39240618721,N/A,1.77835E+11,3278247178,0,14856744977,51.8821,8.2616,20.5428,5.1204
000166.SZ,申万宏源,2015-11-9,11.97,12.05,12.67,11.6,11.64,353020211,4281006791,-0.33,-2.7569,12.1268,10.7686,38158797152,N/A,1.72933E+11,3278247178,0,14856744977,50.4518,8.0338,19.9765,4.9792
000166.SZ,申万宏源,2015-11-10,11.64,11.48,12.38,11.36,11.81,219538110,2610156898,0.17,1.4605,11.8893,6.6968,38716099172,N/A,1.75458E+11,3278247178,0,14856744977,51.1886,8.1511,20.2683,5.0519
000166.SZ,申万宏源,2015-11-11,11.81,11.6,12.15,11.5,11.9,156957779,1840171342,0.09,0.7621,11.724,4.7879,39011141418,N/A,1.76795E+11,3278247178,0,14856744977,51.5787,8.2132,20.4227,5.0904
000166.SZ,申万宏源,2015-11-12,11.9,11.94,11.99,11.5,11.62,117430039,1380616264,-0.28,-2.3529,11.7569,3.5821,38093232208,N/A,1.72635E+11,3278247178,0,14856744977,50.3651,8.02,19.9422,4.9707
000166.SZ,申万宏源,2015-11-13,11.62,11.45,11.93,11.37,11.66,138529454,1620841680,0.04,0.3442,11.7003,4.2257,38224362095,N/A,1.7323E+11,3278247178,0,14856744977,50.5385,8.0476,20.0108,4.9878
000166.SZ,申万宏源,2015-11-16,11.66,11.37,11.59,11.31,11.58,76795292,881679705.3,-0.08,-0.6861,11.4809,2.3426,37962102321,N/A,1.72041E+11,3278247178,0,14856744977,50.1917,7.9924,19.8735,4.9536
000166.SZ,申万宏源,2015-11-17,11.58,11.73,12.38,11.66,11.79,199331727,2402734432,0.21,1.8135,12.0539,6.0804,38650534229,N/A,1.75161E+11,3278247178,0,14856744977,51.102,8.1373,20.2339,5.0434
000166.SZ,申万宏源,2015-11-18,11.79,11.7,11.99,11.3,11.39,113604742,1323841504,-0.4,-3.3927,11.653,3.4654,37339235357,N/A,1.69218E+11,3278247178,0,14856744977,49.3682,7.8612,19.5475,4.8723
000166.SZ,申万宏源,2015-11-19,11.39,11.39,11.53,11.3,11.52,65206949,743431176.3,0.13,1.1414,11.4011,1.9891,37765407491,N/A,1.7115E+11,3278247178,0,14856744977,49.9317,7.951,19.7706,4.9279
000166.SZ,申万宏源,2015-11-20,11.52,11.5,11.53,11.31,11.38,64608030,736467881.6,-0.14,-1.2153,11.399,1.9708,37306452886,N/A,1.6907E+11,3278247178,0,14856744977,49.3249,7.8543,19.5303,4.868
000166.SZ,申万宏源,2015-11-23,11.38,11.41,11.68,11.36,11.41,66496270,765445172.8,0.03,0.2636,11.5111,2.0284,37404800301,N/A,1.69515E+11,3278247178,0,14856744977,49.4549,7.8751,19.5818,4.8808
000166.SZ,申万宏源,2015-11-24,11.41,11.41,11.76,11.32,11.66,76606903,884829329.7,0.25,2.1911,11.5503,2.3368,38224362095,N/A,1.7323E+11,3278247178,0,14856744977,50.5385,8.0476,20.0108,4.9878
000166.SZ,申万宏源,2015-11-25,11.66,11.53,11.73,11.52,11.65,76421873,888793375.7,-0.01,-0.0858,11.6301,2.3312,38191579624,N/A,1.73081E+11,3278247178,0,14856744977,50.4951,8.0407,19.9937,4.9835
000166.SZ,申万宏源,2015-11-26,11.65,11.7,11.98,11.63,11.64,95369483,1125028840,-0.01,-0.0858,11.7965,2.9092,38158797152,N/A,1.72933E+11,3278247178,0,14856744977,50.4518,8.0338,19.9765,4.9792
000166.SZ,申万宏源,2015-11-27,11.64,11.41,11.5,10.48,10.48,111738768,1223894739,-1.16,-9.9656,10.9532,3.4085,34356030425,N/A,1.55699E+11,3278247178,0,14856744977,45.424,7.2332,17.9857,4.483
000166.SZ,申万宏源,2015-11-30,10.48,10.4,10.55,9.91,10.41,89450962,918154025.7,-0.07,-0.6679,10.2643,2.7286,34126553123,N/A,1.54659E+11,3278247178,0,14856744977,45.1206,7.1849,17.8656,4.4531
000166.SZ,申万宏源,2015-12-1,10.41,10.4,10.49,10.26,10.32,50199305,521130073.4,-0.09,-0.8646,10.3812,1.5313,33831510877,N/A,1.53322E+11,3278247178,0,14856744977,44.7305,7.1227,17.7111,4.4146
000166.SZ,申万宏源,2015-12-2,10.32,10.38,10.9,10.3,10.9,82057398,870625152.4,0.58,5.6202,10.61,2.5031,35732894240,N/A,1.61939E+11,3278247178,0,14856744977,47.2444,7.5231,18.7065,4.6627
000166.SZ,申万宏源,2015-12-3,10.9,10.8,11.05,10.65,10.87,66246802,720120565.3,-0.03,-0.2752,10.8703,2.0208,35634546825,N/A,1.61493E+11,3278247178,0,14856744977,47.1144,7.5023,18.655,4.6498
000166.SZ,申万宏源,2015-12-4,10.87,10.8,10.8,10.49,10.54,58441215,620274904.1,-0.33,-3.0359,10.6137,1.7827,34552725256,N/A,1.5659E+11,3278247178,0,14856744977,45.684,7.2746,18.0887,4.5087
000166.SZ,申万宏源,2015-12-7,10.54,10.52,10.73,10.32,10.65,48080608,506713876.2,0.11,1.0436,10.5388,1.4667,34913332446,N/A,1.58224E+11,3278247178,0,14856744977,46.1608,7.3505,18.2775,4.5557
000166.SZ,申万宏源,2015-12-8,10.65,10.56,10.75,10.38,10.41,41161258,434261182.3,-0.24,-2.2535,10.5502,1.2556,34126553123,N/A,1.54659E+11,3278247178,0,14856744977,45.1206,7.1849,17.8656,4.4531
000166.SZ,申万宏源,2015-12-9,10.41,10.37,10.55,10.19,10.38,40831527,424037734.7,-0.03,-0.2882,10.3851,1.2455,34028205708,N/A,1.54213E+11,3278247178,0,14856744977,44.9905,7.1642,17.8141,4.4402
000166.SZ,申万宏源,2015-12-10,10.38,10.43,10.86,10.39,10.45,60401177,642778902.7,0.07,0.6744,10.6418,1.8425,34257683010,N/A,1.55253E+11,3278247178,0,14856744977,45.2939,7.2125,17.9342,4.4702
000166.SZ,申万宏源,2015-12-11,10.45,10.34,10.68,10.16,10.45,53043816,551520317.4,0,0,10.3974,1.6181,34257683010,N/A,1.55253E+11,3278247178,0,14856744977,45.2939,7.2125,17.9342,4.4702
000166.SZ,申万宏源,2015-12-14,10.45,10.3,11.25,10.21,11.25,110470136,1194787134,0.8,7.6555,10.8155,3.3698,36880280753,N/A,1.67138E+11,3278247178,0,14856744977,48.7614,7.7646,19.3072,4.8124
000166.SZ,申万宏源,2015-12-15,11.25,11.14,11.18,10.8,10.82,80605762,883469234.9,-0.43,-3.8222,10.9604,2.4588,35470634466,N/A,1.6075E+11,3278247178,0,14856744977,46.8976,7.4678,18.5692,4.6284
000166.SZ,申万宏源,2015-12-16,10.82,10.94,11.1,10.82,10.83,58037300,635509311.8,0.01,0.0924,10.95,1.7704,35503416938,N/A,1.60899E+11,3278247178,0,14856744977,46.941,7.4747,18.5864,4.6327
000166.SZ,申万宏源,2015-12-17,10.83,10.96,11.19,10.9,11.02,73047521,805967301.3,0.19,1.7544,11.0335,2.2282,36126283902,N/A,1.63721E+11,3278247178,0,14856744977,47.7645,7.6059,18.9125,4.714
000166.SZ,申万宏源,2015-12-18,11.02,11.02,11.1,10.83,10.89,58337983,638715733.5,-0.13,-1.1797,10.9485,1.7795,35700111768,N/A,1.6179E+11,3278247178,0,14856744977,47.201,7.5162,18.6894,4.6584
000166.SZ,申万宏源,2015-12-21,10.89,10.86,11.27,10.81,11.11,78841617,875742525.1,0.22,2.0202,11.1076,2.405,36421326148,N/A,1.65058E+11,3278247178,0,14856744977,48.1546,7.668,19.0669,4.7525
000166.SZ,申万宏源,2015-12-22,11.11,11.15,11.33,11.07,11.26,72245090,810932224.2,0.15,1.3501,11.2247,2.2038,36913063224,N/A,1.67287E+11,3278247178,0,14856744977,48.8048,7.7715,19.3243,4.8167
000166.SZ,申万宏源,2015-12-23,11.26,11.35,11.85,11.21,11.46,144944492,1671815175,0.2,1.7762,11.5342,4.4214,37568712660,N/A,1.70258E+11,3278247178,0,14856744977,49.6716,7.9096,19.6676,4.9022
000166.SZ,申万宏源,2015-12-24,11.46,11.3,11.46,10.87,11.04,78810910,878646695.7,-0.42,-3.6649,11.1488,2.4041,36191848845,N/A,1.64018E+11,3278247178,0,14856744977,47.8512,7.6197,18.9468,4.7226
000166.SZ,申万宏源,2015-12-25,11.04,11.06,11.2,10.97,11.1,39456177,437244175.7,0.06,0.5435,11.0818,1.2036,36388543676,N/A,1.6491E+11,3278247178,0,14856744977,48.1113,7.6611,19.0498,4.7482
000166.SZ,申万宏源,2015-12-28,11.1,11.19,11.29,10.85,10.85,63551679,704525776.8,-0.25,-2.2523,11.0859,1.9386,35568981881,N/A,1.61196E+11,3278247178,0,14856744977,47.0277,7.4885,18.6207,4.6413
000166.SZ,申万宏源,2015-12-29,10.85,10.81,11.03,10.81,10.98,34984699,382328834.3,0.13,1.1982,10.9285,1.0672,35995154014,N/A,1.63127E+11,3278247178,0,14856744977,47.5911,7.5783,18.8438,4.6969
000166.SZ,申万宏源,2015-12-30,10.98,10.96,11.08,10.85,10.99,41048446,449168354.6,0.01,0.0911,10.9424,1.2521,36027936486,N/A,1.63276E+11,3278247178,0,14856744977,47.6345,7.5852,18.861,4.7012
000166.SZ,申万宏源,2015-12-31,10.99,11.01,11.05,10.68,10.71,55398446,601712495.9,-0.28,-2.5478,10.8615,1.6899,35110027276,N/A,1.59116E+11,3278247178,0,14856744977,46.4209,7.3919,18.3804,4.5814
000166.SZ,申万宏源,2016-1-4,10.71,10.7,10.77,9.67,9.69,47996670,493005510.8,-1.02,-9.5238,10.2717,1.4641,31766215155,N/A,1.43962E+11,3278247178,0,14856744977,11.8446,2.8658,4.7259,2.4594
000166.SZ,申万宏源,2016-1-5,9.69,9.37,9.96,9.12,9.67,65383186,629107214.1,-0.02,-0.2064,9.6219,1.9945,31700650211,N/A,1.43665E+11,3278247178,0,14856744977,11.8202,2.8599,4.7161,2.4544
000166.SZ,申万宏源,2016-1-6,9.67,9.7,9.94,9.58,9.87,51530501,503592630.1,0.2,2.0683,9.7727,1.5719,32356299647,N/A,1.46636E+11,3278247178,0,14856744977,12.0647,2.919,4.8136,2.5051
000166.SZ,申万宏源,2016-1-7,9.87,9.71,9.72,8.95,9,13974828,131061565.2,-0.87,-8.8146,9.3784,0.4263,29504224602,N/A,1.33711E+11,3278247178,0,14856744977,11.0012,2.6617,4.3893,2.2843
000166.SZ,申万宏源,2016-1-8,9,9.33,9.59,8.8,9.21,75215210,697565960.2,0.21,2.3333,9.2743,2.2944,30192656509,N/A,1.36831E+11,3278247178,0,14856744977,11.2579,2.7238,4.4918,2.3376
000166.SZ,申万宏源,2016-1-11,9.21,9.03,9.19,8.58,8.63,59536805,532233843.6,-0.58,-6.2975,8.9396,1.8161,28291273146,N/A,1.28214E+11,3278247178,0,14856744977,10.5489,2.5523,4.2089,2.1904
000166.SZ,申万宏源,2016-1-12,8.63,8.8,9.03,8.7,8.81,48169177,426669425.2,0.18,2.0857,8.8577,1.4694,28881357638,N/A,1.30888E+11,3278247178,0,14856744977,10.769,2.6055,4.2967,2.2361
000166.SZ,申万宏源,2016-1-13,8.81,8.94,8.98,8.67,8.7,45350392,401830928.9,-0.11,-1.2486,8.8606,1.3834,28520750449,N/A,1.29254E+11,3278247178,0,14856744977,10.6345,2.573,4.243,2.2082
000166.SZ,申万宏源,2016-1-14,8.7,8.47,8.94,8.42,8.93,44173692,388037557,0.23,2.6437,8.7844,1.3475,29274747300,N/A,1.32671E+11,3278247178,0,14856744977,10.9156,2.641,4.3552,2.2665
000166.SZ,申万宏源,2016-1-15,8.93,8.92,8.92,8.6,8.71,41283722,362508787.6,-0.22,-2.4636,8.7809,1.2593,28553532920,N/A,1.29402E+11,3278247178,0,14856744977,10.6467,2.576,4.2479,2.2107
000166.SZ,申万宏源,2016-1-18,8.71,8.56,8.91,8.53,8.81,32974569,289933422.9,0.1,1.1481,8.7926,1.0059,28881357638,N/A,1.30888E+11,3278247178,0,14856744977,10.769,2.6055,4.2967,2.2361
000166.SZ,申万宏源,2016-1-19,8.81,8.85,9.16,8.77,9.1,49097622,441846297.5,0.29,3.2917,8.9993,1.4977,29832049320,N/A,1.35196E+11,3278247178,0,14856744977,11.1234,2.6913,4.4381,2.3097
000166.SZ,申万宏源,2016-1-20,9.1,9.05,9.14,8.91,8.96,38306331,345395793.9,-0.14,-1.5385,9.0167,1.1685,29373094715,N/A,1.33116E+11,3278247178,0,14856744977,10.9523,2.6499,4.3698,2.2742
000166.SZ,申万宏源,2016-1-21,8.96,8.84,9.07,8.64,8.64,37783297,334717145.1,-0.32,-3.5714,8.8589,1.1525,28324055618,N/A,1.28362E+11,3278247178,0,14856744977,10.5612,2.5553,4.2138,2.1929
000166.SZ,申万宏源,2016-1-22,8.64,8.78,8.81,8.56,8.74,26218747,228102244.9,0.1,1.1574,8.7,0.7998,28651880336,N/A,1.29848E+11,3278247178,0,14856744977,10.6834,2.5848,4.2625,2.2183
000166.SZ,申万宏源,2016-1-25,8.74,8.79,8.84,8.67,8.7,28370868,248439922.1,-0.04,-0.4577,8.7569,0.8654,28520750449,N/A,1.29254E+11,3278247178,0,14856744977,10.6345,2.573,4.243,2.2082
000166.SZ,申万宏源,2016-1-26,8.7,8.5,8.58,7.99,8.03,53037657,441998465.9,-0.67,-7.7011,8.3337,1.0141,41999034133,N/A,1.193E+11,5230265770,0,14856744977,9.8155,2.3749,3.9163,2.0381
000166.SZ,申万宏源,2016-1-27,8.03,8.11,8.16,7.67,7.89,44775849,355348426.5,-0.14,-1.7435,7.9362,0.8561,41266796925,N/A,1.1722E+11,5230265770,0,14856744977,9.6444,2.3335,3.848,2.0026
000166.SZ,申万宏源,2016-1-28,7.89,7.82,8.09,7.71,7.75,33201597,262503250.3,-0.14,-1.7744,7.9063,0.6348,40534559718,N/A,1.1514E+11,5230265770,0,14856744977,9.4733,2.2921,3.7797,1.967
000166.SZ,申万宏源,2016-1-29,7.75,7.82,8.18,7.77,8.12,47030430,379018844,0.37,4.7742,8.059,0.8992,42469758052,N/A,1.20637E+11,5230265770,0,14856744977,9.9255,2.4015,3.9602,2.061
000166.SZ,申万宏源,2016-2-1,8.12,8.1,8.1,7.79,7.92,31132590,248058134.1,-0.2,-2.4631,7.9678,0.5952,41423704898,N/A,1.17665E+11,5230265770,0,14856744977,9.6811,2.3423,3.8626,2.0102
000166.SZ,申万宏源,2016-2-2,7.92,7.92,8.19,7.9,8.1,35102628,284002322.3,0.18,2.2727,8.0906,0.6711,42365152737,N/A,1.2034E+11,5230265770,0,14856744977,9.9011,2.3956,3.9504,2.0559
000166.SZ,申万宏源,2016-2-3,8.1,8.03,8.09,7.91,8.07,23775348,190199517,-0.03,-0.3704,7.9999,0.4546,42208244764,N/A,1.19894E+11,5230265770,0,14856744977,9.8644,2.3867,3.9358,2.0483
000166.SZ,申万宏源,2016-2-4,8.07,8.1,8.23,8.1,8.17,34314593,280302683.1,0.1,1.2392,8.1686,0.6561,42731271341,N/A,1.2138E+11,5230265770,0,14856744977,9.9866,2.4163,3.9845,2.0736
000166.SZ,申万宏源,2016-2-5,8.17,8.14,8.14,8.01,8.02,26873574,216892537.1,-0.15,-1.836,8.0708,0.5138,41946731475,N/A,1.19151E+11,5230265770,0,14856744977,9.8033,2.3719,3.9114,2.0356
000166.SZ,申万宏源,2016-2-15,8.02,7.7,7.95,7.7,7.89,20874637,163480318.5,-0.13,-1.6209,7.8315,0.3991,41266796925,N/A,1.1722E+11,5230265770,0,14856744977,9.6444,2.3335,3.848,2.0026
000166.SZ,申万宏源,2016-2-16,7.89,7.92,8.23,7.92,8.19,42719246,348434834.6,0.3,3.8023,8.1564,0.8168,42835876656,N/A,1.21677E+11,5230265770,0,14856744977,10.0111,2.4222,3.9943,2.0787
000166.SZ,申万宏源,2016-2-17,8.19,8.19,8.24,8.08,8.22,40481149,331260348.7,0.03,0.3663,8.1831,0.774,42992784629,N/A,1.22122E+11,5230265770,0,14856744977,10.0478,2.4311,4.0089,2.0863
000166.SZ,申万宏源,2016-2-18,8.22,8.3,8.45,8.18,8.19,46788253,388107170.4,-0.03,-0.365,8.295,0.8946,42835876656,N/A,1.21677E+11,5230265770,0,14856744977,10.0111,2.4222,3.9943,2.0787
000166.SZ,申万宏源,2016-2-19,8.19,8.19,8.25,8.12,8.2,29643040,242718527.5,0.01,0.1221,8.188,0.5668,42888179314,N/A,1.21825E+11,5230265770,0,14856744977,10.0233,2.4251,3.9992,2.0813
000166.SZ,申万宏源,2016-2-22,8.2,8.31,8.57,8.23,8.44,67190980,564043623.5,0.24,2.9268,8.3946,1.2847,44143443099,N/A,1.25391E+11,5230265770,0,14856744977,10.3167,2.4961,4.1162,2.1422
000166.SZ,申万宏源,2016-2-23,8.44,8.42,8.44,8.22,8.34,46866057,389771600.6,-0.1,-1.1848,8.3167,0.8961,43620416522,N/A,1.23905E+11,5230265770,0,14856744977,10.1944,2.4665,4.0675,2.1168
000166.SZ,申万宏源,2016-2-24,8.34,8.29,8.4,8.21,8.39,40678121,338046614.9,0.05,0.5995,8.3103,0.7777,43881929810,N/A,1.24648E+11,5230265770,0,14856744977,10.2556,2.4813,4.0918,2.1295
000166.SZ,申万宏源,2016-2-25,8.39,8.36,8.36,7.58,7.7,60155691,482178021.3,-0.69,-8.2241,8.0155,1.1501,40273046429,N/A,1.14397E+11,5230265770,0,14856744977,9.4121,2.2773,3.7553,1.9544
000166.SZ,申万宏源,2016-2-26,7.7,7.82,7.86,7.63,7.8,37166956,289608077,0.1,1.2987,7.7921,0.7106,40796073006,N/A,1.15883E+11,5230265770,0,14856744977,9.5344,2.3068,3.8041,1.9797
000166.SZ,申万宏源,2016-2-29,7.8,7.78,7.78,7.25,7.43,44528939,331664608.4,-0.37,-4.7436,7.4483,0.8514,38860874671,N/A,1.10386E+11,5230265770,0,14856744977,9.0821,2.1974,3.6236,1.8858
000166.SZ,申万宏源,2016-3-1,7.43,7.52,7.89,7.41,7.7,45250950,344628090,0.27,3.6339,7.6159,0.8652,40273046429,N/A,1.14397E+11,5230265770,0,14856744977,9.4121,2.2773,3.7553,1.9544
000166.SZ,申万宏源,2016-3-2,7.7,7.77,8.16,7.69,8.08,60776136,482454152,0.38,4.9351,7.9382,1.162,42260547422,N/A,1.20042E+11,5230265770,0,14856744977,9.8766,2.3897,3.9407,2.0508
000166.SZ,申万宏源,2016-3-3,8.08,8.08,8.16,7.98,8.02,51833963,418440698.1,-0.06,-0.7426,8.0727,0.991,41946731475,N/A,1.19151E+11,5230265770,0,14856744977,9.8033,2.3719,3.9114,2.0356
000166.SZ,申万宏源,2016-3-4,8.02,7.97,8.39,7.97,8.18,94150053,768976137.9,0.16,1.995,8.1676,1.8001,42783573999,N/A,1.21528E+11,5230265770,0,14856744977,9.9989,2.4192,3.9894,2.0762
000166.SZ,申万宏源,2016-3-7,8.18,8.2,8.44,8.2,8.31,60419492,502627710.3,0.13,1.5892,8.319,1.1552,43463508549,N/A,1.2346E+11,5230265770,0,14856744977,10.1578,2.4577,4.0528,2.1092
000166.SZ,申万宏源,2016-3-8,8.31,8.25,8.28,7.95,8.21,55978400,453802752,-0.1,-1.2034,8.1067,1.0703,42940481972,N/A,1.21974E+11,5230265770,0,14856744977,10.0355,2.4281,4.0041,2.0838
000166.SZ,申万宏源,2016-3-9,8.21,8.05,8.15,7.91,7.96,49436170,396032070.7,-0.25,-3.0451,8.011,0.9452,41632915529,N/A,1.1826E+11,5230265770,0,14856744977,9.73,2.3542,3.8821,2.0203
000166.SZ,申万宏源,2016-3-10,7.96,7.98,8.04,7.78,7.8,35579962,281366316.6,-0.16,-2.0101,7.908,0.6803,40796073006,N/A,1.15883E+11,5230265770,0,14856744977,9.5344,2.3068,3.8041,1.9797
000166.SZ,申万宏源,2016-3-11,7.8,7.73,7.95,7.68,7.84,33086549,258904957.1,0.04,0.5128,7.8251,0.6326,41005283637,N/A,1.16477E+11,5230265770,0,14856744977,9.5833,2.3187,3.8236,1.9899
000166.SZ,申万宏源,2016-3-14,7.84,7.93,8.2,7.86,8.08,58532691,472192959.2,0.24,3.0612,8.0672,1.1191,42260547422,N/A,1.20042E+11,5230265770,0,14856744977,9.8766,2.3897,3.9407,2.0508
000166.SZ,申万宏源,2016-3-15,8.08,8.04,8.09,7.96,8.02,29489037,236569484,-0.06,-0.7426,8.0223,0.554,42692040509,N/A,1.19151E+11,5323197071,0,14856744977,9.8033,2.3719,3.9114,2.0356
000166.SZ,申万宏源,2016-3-16,8.02,8.04,8.11,7.93,7.96,33925157,272410638.2,-0.06,-0.7481,8.0298,0.6373,42372648685,N/A,1.1826E+11,5323197071,0,14856744977,9.73,2.3542,3.8821,2.0203
000166.SZ,申万宏源,2016-3-17,7.96,8.01,8.23,7.99,8.15,54309911,441012333.7,0.19,2.3869,8.1203,1.0202,43384056129,N/A,1.21082E+11,5323197071,0,14856744977,9.9622,2.4104,3.9748,2.0686
000166.SZ,申万宏源,2016-3-18,8.15,8.13,8.5,8.13,8.39,116657405,976185009.6,0.24,2.9448,8.368,2.1915,44661623426,N/A,1.24648E+11,5323197071,0,14856744977,10.2556,2.4813,4.0918,2.1295
000166.SZ,申万宏源,2016-3-21,8.39,8.61,9.23,8.61,9.23,233867434,2121697464,0.84,10.0119,9.0722,4.3934,49133108965,N/A,1.37128E+11,5323197071,0,14856744977,11.2823,2.7298,4.5015,2.3427
000166.SZ,申万宏源,2016-3-22,9.23,9.17,9.25,8.94,8.97,117748037,1069728362,-0.26,-2.8169,9.0849,2.212,47749077727,N/A,1.33265E+11,5323197071,0,14856744977,10.9645,2.6529,4.3747,2.2767
000166.SZ,申万宏源,2016-3-23,8.97,8.96,9.18,8.87,9.14,76431143,689410958.7,0.17,1.8952,9.02,1.4358,48654021229,N/A,1.35791E+11,5323197071,0,14856744977,11.1723,2.7031,4.4576,2.3198
000166.SZ,申万宏源,2016-3-24,9.14,9,9.01,8.77,8.78,63641712,565704824.3,-0.36,-3.9387,8.8889,1.1956,46737670283,N/A,1.30442E+11,5323197071,0,14856744977,10.7323,2.5967,4.282,2.2285
000166.SZ,申万宏源,2016-3-25,8.78,8.78,8.95,8.76,8.87,36309491,321524289.9,0.09,1.0251,8.8551,0.6821,47216758020,N/A,1.31779E+11,5323197071,0,14856744977,10.8423,2.6233,4.3259,2.2513
000166.SZ,申万宏源,2016-3-28,8.87,8.85,9.03,8.6,8.67,48366250,427313399.2,-0.2,-2.2548,8.8349,0.9086,46152118606,N/A,1.28808E+11,5323197071,0,14856744977,10.5978,2.5641,4.2284,2.2006
000166.SZ,申万宏源,2016-3-29,8.67,8.7,8.8,8.55,8.62,45137900,391785985.1,-0.05,-0.5767,8.6798,0.8479,45885958752,N/A,1.28065E+11,5323197071,0,14856744977,10.5367,2.5494,4.204,2.1879
000166.SZ,申万宏源,2016-3-30,8.62,8.75,8.9,8.69,8.88,57345537,505598295.4,0.26,3.0162,8.8167,1.0773,47269989990,N/A,1.31928E+11,5323197071,0,14856744977,10.8545,2.6263,4.3308,2.2539
000166.SZ,申万宏源,2016-3-31,8.88,8.92,9.08,8.83,8.89,56277677,503084311.8,0.01,0.1126,8.9393,1.0572,47323221961,N/A,1.32076E+11,5323197071,0,14856744977,10.8667,2.6292,4.3357,2.2564
000166.SZ,申万宏源,2016-4-1,8.89,8.89,8.95,8.67,8.84,37824963,333442926.1,-0.05,-0.5624,8.8154,0.7106,47057062108,N/A,1.31334E+11,5323197071,0,14856744977,10.8056,2.6144,4.3113,2.2437
000166.SZ,申万宏源,2016-4-5,8.84,8.77,9.05,8.77,8.98,51891513,464179448.5,0.14,1.5837,8.9452,0.9748,47802309698,N/A,1.33414E+11,5323197071,0,14856744977,10.9768,2.6558,4.3796,2.2792
000166.SZ,申万宏源,2016-4-6,8.98,8.96,9.01,8.86,8.93,37309313,333788829.1,-0.05,-0.5568,8.9465,0.7009,47536149844,N/A,1.32671E+11,5323197071,0,14856744977,10.9156,2.641,4.3552,2.2665
000166.SZ,申万宏源,2016-4-7,8.93,8.96,9,8.77,8.78,36821016,326253705.8,-0.15,-1.6797,8.8605,0.6917,46737670283,N/A,1.30442E+11,5323197071,0,14856744977,10.7323,2.5967,4.282,2.2285
000166.SZ,申万宏源,2016-4-8,8.78,8.72,8.75,8.58,8.68,32170087,278571644.7,-0.1,-1.139,8.6593,0.6043,46205350576,N/A,1.28957E+11,5323197071,0,14856744977,10.6101,2.5671,4.2333,2.2031
000166.SZ,申万宏源,2016-4-11,8.68,8.96,9.12,8.88,8.89,65938210,592467781.5,0.21,2.4194,8.9852,1.2387,47323221961,N/A,1.32076E+11,5323197071,0,14856744977,10.8667,2.6292,4.3357,2.2564
000166.SZ,申万宏源,2016-4-12,8.89,8.81,8.85,8.71,8.79,34533197,302893618.7,-0.1,-1.1249,8.7711,0.6487,46790902254,N/A,1.30591E+11,5323197071,0,14856744977,10.7445,2.5996,4.2869,2.231
000166.SZ,申万宏源,2016-4-13,8.79,8.85,9.15,8.84,8.99,93581071,846009689.1,0.2,2.2753,9.0404,1.758,47855541668,N/A,1.33562E+11,5323197071,0,14856744977,10.989,2.6588,4.3845,2.2818
000166.SZ,申万宏源,2016-4-14,8.99,9.03,9.07,8.91,9,38181215,342577853.3,0.01,0.1112,8.9724,0.7173,47908773639,N/A,1.33711E+11,5323197071,0,14856744977,11.0012,2.6617,4.3893,2.2843
000166.SZ,申万宏源,2016-4-15,9,9.02,9.02,8.87,8.92,32051904,286183041.7,-0.08,-0.8889,8.9287,0.6021,47482917873,N/A,1.32522E+11,5323197071,0,14856744977,10.9034,2.6381,4.3503,2.264
000166.SZ,申万宏源,2016-4-18,8.92,8.81,8.84,8.68,8.72,32254150,281432465.8,-0.2,-2.2422,8.7255,0.6059,46418278459,N/A,1.29551E+11,5323197071,0,14856744977,10.6589,2.5789,4.2528,2.2132
000166.SZ,申万宏源,2016-4-19,8.72,8.76,8.81,8.66,8.75,24299367,212022971.4,0.03,0.344,8.7255,0.4565,46577974371,N/A,1.29997E+11,5323197071,0,14856744977,10.6956,2.5878,4.2674,2.2209
000166.SZ,申万宏源,2016-4-20,8.75,8.78,8.79,8.15,8.38,56212301,475316652.6,-0.37,-4.2286,8.4557,1.056,44608391455,N/A,1.245E+11,5323197071,0,14856744977,10.2433,2.4784,4.087,2.1269
000166.SZ,申万宏源,2016-4-21,8.38,8.31,8.44,8.27,8.28,28126437,234769901.5,-0.1,-1.1933,8.3469,0.5284,44076071748,N/A,1.23014E+11,5323197071,0,14856744977,10.1211,2.4488,4.0382,2.1016
000166.SZ,申万宏源,2016-4-22,8.28,8.22,8.33,8.19,8.31,21639240,179133341.4,0.03,0.3623,8.2782,0.4065,44235767660,N/A,1.2346E+11,5323197071,0,14856744977,10.1578,2.4577,4.0528,2.1092
000166.SZ,申万宏源,2016-4-25,8.31,8.25,8.29,8.16,8.24,18092958,148636300.7,-0.07,-0.8424,8.2151,0.3399,43863143865,N/A,1.2242E+11,5323197071,0,14856744977,10.0722,2.437,4.0187,2.0914
000166.SZ,申万宏源,2016-4-26,8.24,8.27,8.35,8.24,8.34,18450608,153077636.9,0.1,1.2136,8.2966,0.3466,44395463572,N/A,1.23905E+11,5323197071,0,14856744977,10.1944,2.4665,4.0675,2.1168
000166.SZ,申万宏源,2016-4-27,8.34,8.46,8.57,8.36,8.42,39264658,332153978,0.08,0.9592,8.4594,0.7376,44821319338,N/A,1.25094E+11,5323197071,0,14856744977,10.2922,2.4902,4.1065,2.1371
000166.SZ,申万宏源,2016-4-28,8.42,8.42,8.55,8.3,8.44,42692774,359919539.7,0.02,0.2375,8.4305,0.802,44927783279,N/A,1.25391E+11,5323197071,0,14856744977,10.3167,2.4961,4.1162,2.1422
000166.SZ,申万宏源,2016-4-29,8.44,8.4,8.49,8.35,8.4,28646358,241122098.9,-0.04,-0.4739,8.4172,0.5381,44714855396,N/A,1.24797E+11,5323197071,0,14856744977,10.2678,2.4843,4.0967,2.132
000166.SZ,申万宏源,2016-5-3,8.4,8.4,8.6,8.36,8.56,51862812,441784001,0.16,1.9048,8.5183,0.9743,45566566928,N/A,1.27174E+11,5323197071,0,14856744977,10.4634,2.5316,4.1747,2.1726
000166.SZ,申万宏源,2016-5-4,8.56,8.5,8.55,8.4,8.49,34752782,294870004.6,-0.07,-0.8178,8.4848,0.6529,45193943133,N/A,1.26134E+11,5323197071,0,14856744977,10.3778,2.5109,4.1406,2.1549
000166.SZ,申万宏源,2016-5-5,8.49,8.47,8.51,8.42,8.47,25348376,214626170,-0.02,-0.2356,8.4671,0.4762,45087479191,N/A,1.25837E+11,5323197071,0,14856744977,10.3534,2.505,4.1309,2.1498
000166.SZ,申万宏源,2016-5-6,8.47,8.48,8.52,8.19,8.2,40005902,333723896.6,-0.27,-3.1877,8.3419,0.7515,43650215982,N/A,1.21825E+11,5323197071,0,14856744977,10.0233,2.4251,3.9992,2.0813
000166.SZ,申万宏源,2016-5-9,8.2,8.13,8.16,7.95,8,33463866,268823116.7,-0.2,-2.439,8.0332,0.6286,42585576568,N/A,1.18854E+11,5323197071,0,14856744977,9.7788,2.366,3.9016,2.0305
000166.SZ,申万宏源,2016-5-10,8,7.99,8.09,7.92,8,29523266,236858498.9,0,0,8.0228,0.5546,42585576568,N/A,1.18854E+11,5323197071,0,14856744977,9.7788,2.366,3.9016,2.0305
000166.SZ,申万宏源,2016-5-11,8,8.06,8.07,7.91,7.96,21364201,170635072.8,-0.04,-0.5,7.987,0.4013,42372648685,N/A,1.1826E+11,5323197071,0,14856744977,9.73,2.3542,3.8821,2.0203
000166.SZ,申万宏源,2016-5-12,7.96,7.9,8.08,7.81,8.06,30645905,243756903.2,0.1,1.2563,7.954,0.5757,42904968392,N/A,1.19745E+11,5323197071,0,14856744977,9.8522,2.3837,3.9309,2.0457
000166.SZ,申万宏源,2016-5-13,8.06,8.01,8.15,8.01,8.06,27668940,223221756.1,0,0,8.0676,0.5198,42904968392,N/A,1.19745E+11,5323197071,0,14856744977,9.8522,2.3837,3.9309,2.0457
000166.SZ,申万宏源,2016-5-16,8.06,8.01,8.08,7.94,8.08,21333124,171007660.2,0.02,0.2481,8.0161,0.4008,43011432334,N/A,1.20042E+11,5323197071,0,14856744977,9.8766,2.3897,3.9407,2.0508
000166.SZ,申万宏源,2016-5-17,8.08,8.09,8.16,7.98,8.06,22747203,183389805,-0.02,-0.2475,8.0621,0.4273,42904968392,N/A,1.19745E+11,5323197071,0,14856744977,9.8522,2.3837,3.9309,2.0457
000166.SZ,申万宏源,2016-5-18,8.06,8,8.08,7.88,8.07,30751445,245711611.7,0.01,0.1241,7.9902,0.5777,42958200363,N/A,1.19894E+11,5323197071,0,14856744977,9.8644,2.3867,3.9358,2.0483
000166.SZ,申万宏源,2016-5-19,8.07,8,8.1,8,8.03,17062768,137402300.4,-0.04,-0.4957,8.0528,0.3205,42745272480,N/A,1.193E+11,5323197071,0,14856744977,9.8155,2.3749,3.9163,2.0381
000166.SZ,申万宏源,2016-5-20,8.03,8,8.09,7.96,8.09,19365063,155668627,0.06,0.7472,8.0386,0.3638,43064664304,N/A,1.20191E+11,5323197071,0,14856744977,9.8889,2.3926,3.9455,2.0533
000166.SZ,申万宏源,2016-5-23,8.09,8.06,8.13,8.04,8.08,20108317,162560651.5,-0.01,-0.1236,8.0842,0.3777,43011432334,N/A,1.20042E+11,5323197071,0,14856744977,9.8766,2.3897,3.9407,2.0508
000166.SZ,申万宏源,2016-5-24,8.08,8.08,8.09,7.98,8,13823967,110762558.3,-0.08,-0.9901,8.0124,0.2597,42585576568,N/A,1.18854E+11,5323197071,0,14856744977,9.7788,2.366,3.9016,2.0305
000166.SZ,申万宏源,2016-5-25,8,8.03,8.11,7.99,8,18051588,145352924,0,0,8.0521,0.3391,42585576568,N/A,1.18854E+11,5323197071,0,14856744977,9.7788,2.366,3.9016,2.0305
000166.SZ,申万宏源,2016-5-26,8,7.96,8.04,7.89,8.01,17237265,137162388.8,0.01,0.125,7.9573,0.3238,42638808539,N/A,1.19003E+11,5323197071,0,14856744977,9.7911,2.369,3.9065,2.033
000166.SZ,申万宏源,2016-5-27,8.01,8,8.03,7.94,7.98,14500563,115781682,-0.03,-0.3745,7.9846,0.2724,42479112627,N/A,1.18557E+11,5323197071,0,14856744977,9.7544,2.3601,3.8919,2.0254
000166.SZ,申万宏源,2016-5-30,7.98,7.97,8.04,7.91,8.03,17421145,139247302.1,0.05,0.6266,7.993,0.3273,42745272480,N/A,1.193E+11,5323197071,0,14856744977,9.8155,2.3749,3.9163,2.0381
000166.SZ,申万宏源,2016-5-31,8.03,8.03,8.65,8,8.54,96349354,814236953.8,0.51,6.3512,8.4509,1.81,45460102986,N/A,1.26877E+11,5323197071,0,14856744977,10.4389,2.5257,4.165,2.1676
000166.SZ,申万宏源,2016-6-1,8.54,8.51,8.6,8.39,8.4,62066765,525148769.8,-0.14,-1.6393,8.461,1.166,44714855396,N/A,1.24797E+11,5323197071,0,14856744977,10.2678,2.4843,4.0967,2.132
000166.SZ,申万宏源,2016-6-2,8.4,8.39,8.44,8.33,8.43,36452241,305955540.5,0.03,0.3571,8.3933,0.6848,44874551309,N/A,1.25242E+11,5323197071,0,14856744977,10.3045,2.4932,4.1113,2.1396
000166.SZ,申万宏源,2016-6-3,8.43,8.44,8.53,8.37,8.45,37169499,313436320.1,0.02,0.2372,8.4326,0.6983,44981015250,N/A,1.25539E+11,5323197071,0,14856744977,10.3289,2.4991,4.1211,2.1447
000166.SZ,申万宏源,2016-6-6,8.45,8.5,8.5,8.36,8.37,21731987,182572926.6,-0.08,-0.9467,8.4011,0.4083,44555159484,N/A,1.24351E+11,5323197071,0,14856744977,10.2311,2.4754,4.0821,2.1244
000166.SZ,申万宏源,2016-6-7,8.37,8.4,8.46,8.35,8.37,23293571,195776867.1,0,0,8.4048,0.4376,44555159484,N/A,1.24351E+11,5323197071,0,14856744977,10.2311,2.4754,4.0821,2.1244
000166.SZ,申万宏源,2016-6-8,8.37,8.37,8.4,8.3,8.37,22568263,188547205,0,0,8.3545,0.424,44555159484,N/A,1.24351E+11,5323197071,0,14856744977,10.2311,2.4754,4.0821,2.1244
